Referee,matches,home_win_pct,yellows_per_game,league_avg_same_seasons,yellows_diff,reds_per_game
M Riley,169,50.3,3.6,3.03,0.57,0.213
M Dean,503,43.9,3.71,3.18,0.53,0.211
S Bennett,205,43.4,3.51,3.07,0.43,0.2
S Attwell,138,39.9,3.57,3.19,0.39,0.145
P Dowd,301,48.2,3.54,3.15,0.39,0.216
R Styles,176,45.5,3.24,3.05,0.19,0.284
H Webb,297,45.1,3.31,3.13,0.18,0.111
C Pawson,180,44.4,3.42,3.25,0.18,0.161
G Poll,139,46.0,3.12,2.98,0.14,0.108
A Taylor,286,44.8,3.38,3.24,0.14,0.136
K Friend,254,46.5,3.32,3.22,0.1,0.114
J Moss,249,44.2,3.33,3.24,0.08,0.137
M Atkinson,434,45.6,3.28,3.22,0.07,0.15
N Swarbrick,132,41.7,3.33,3.28,0.06,0.083
M Clattenburg,293,47.1,3.25,3.22,0.03,0.16
A Wiley,207,47.3,3.08,3.09,0.0,0.135
P Tierney,101,39.6,3.17,3.19,-0.02,0.089
M Jones,202,47.5,3.17,3.24,-0.08,0.134
M Oliver,294,43.2,3.15,3.24,-0.09,0.129
A Marriner,360,43.9,3.11,3.21,-0.1,0.158
L Mason,287,50.2,3.07,3.23,-0.16,0.139
P Walton,169,44.4,2.85,3.14,-0.29,0.118
U Rennie,100,48.0,2.65,3.0,-0.35,0.09
C Foy,257,49.8,2.71,3.16,-0.45,0.144
L Probert,182,48.4,2.52,3.2,-0.68,0.17
M Halsey,228,44.3,2.06,3.07,-1.01,0.114
