Season,Team,Games,Points,GoalsFor,GoalsAgainst,GoalDiff,PPG,SeasonRank
1993-94,Man United,42,92,80,38,42,2.19,1
1993-94,Blackburn,42,84,63,36,27,2.0,2
1993-94,Newcastle,42,77,82,41,41,1.83,3
1993-94,Arsenal,42,71,53,28,25,1.69,4
1993-94,Leeds,42,70,65,39,26,1.67,5
1993-94,Wimbledon,42,65,56,53,3,1.55,6
1993-94,Sheffield Weds,42,64,76,54,22,1.52,7
1993-94,Liverpool,42,60,59,55,4,1.43,8
1993-94,QPR,42,60,62,61,1,1.43,9
1993-94,Aston Villa,42,57,46,50,-4,1.36,10
1993-94,Coventry,42,56,43,45,-2,1.33,11
1993-94,Norwich,42,53,65,61,4,1.26,12
1993-94,West Ham,42,52,47,58,-11,1.24,13
1993-94,Chelsea,42,51,49,53,-4,1.21,14
1993-94,Tottenham,42,45,54,59,-5,1.07,15
1993-94,Man City,42,45,38,49,-11,1.07,16
1993-94,Everton,42,44,42,63,-21,1.05,17
1993-94,Southampton,42,43,49,66,-17,1.02,18
1993-94,Ipswich,42,43,35,58,-23,1.02,19
1993-94,Sheffield United,42,42,42,60,-18,1.0,20
1993-94,Oldham,42,40,42,68,-26,0.95,21
1993-94,Swindon,42,30,47,100,-53,0.71,22
1994-95,Blackburn,42,89,80,39,41,2.12,1
1994-95,Man United,42,88,77,28,49,2.1,2
1994-95,Nott'm Forest,42,77,72,43,29,1.83,3
1994-95,Liverpool,42,74,65,37,28,1.76,4
1994-95,Leeds,42,73,59,38,21,1.74,5
1994-95,Newcastle,42,72,67,47,20,1.71,6
1994-95,Tottenham,42,62,66,58,8,1.48,7
1994-95,QPR,42,60,61,59,2,1.43,8
1994-95,Wimbledon,42,56,48,65,-17,1.33,9
1994-95,Southampton,42,54,61,63,-2,1.29,10
1994-95,Chelsea,42,54,50,55,-5,1.29,11
1994-95,Arsenal,42,51,52,49,3,1.21,12
1994-95,Sheffield Weds,42,51,49,57,-8,1.21,13
1994-95,West Ham,42,50,44,48,-4,1.19,14
1994-95,Everton,42,50,44,51,-7,1.19,15
1994-95,Coventry,42,50,44,62,-18,1.19,16
1994-95,Man City,42,49,53,64,-11,1.17,17
1994-95,Aston Villa,42,48,51,56,-5,1.14,18
1994-95,Crystal Palace,42,45,34,49,-15,1.07,19
1994-95,Norwich,42,43,37,54,-17,1.02,20
1994-95,Leicester,42,29,45,80,-35,0.69,21
1994-95,Ipswich,42,27,36,93,-57,0.64,22
1995-96,Man United,38,82,73,35,38,2.16,1
1995-96,Newcastle,38,78,66,37,29,2.05,2
1995-96,Liverpool,38,71,70,34,36,1.87,3
1995-96,Aston Villa,38,63,52,35,17,1.66,4
1995-96,Arsenal,38,63,49,32,17,1.66,5
1995-96,Everton,38,61,64,44,20,1.61,6
1995-96,Blackburn,38,61,61,47,14,1.61,7
1995-96,Tottenham,38,61,50,38,12,1.61,8
1995-96,Nott'm Forest,38,58,50,54,-4,1.53,9
1995-96,West Ham,38,51,43,52,-9,1.34,10
1995-96,Chelsea,38,50,46,44,2,1.32,11
1995-96,Middlesbrough,38,43,35,50,-15,1.13,12
1995-96,Leeds,38,43,40,57,-17,1.13,13
1995-96,Wimbledon,38,41,55,70,-15,1.08,14
1995-96,Sheffield Weds,38,40,48,61,-13,1.05,15
1995-96,Coventry,38,38,42,60,-18,1.0,16
1995-96,Southampton,38,38,34,52,-18,1.0,17
1995-96,Man City,38,38,33,58,-25,1.0,18
1995-96,QPR,38,33,38,57,-19,0.87,19
1995-96,Bolton,38,29,39,71,-32,0.76,20
1996-97,Man United,38,75,76,44,32,1.97,1
1996-97,Newcastle,38,68,73,40,33,1.79,2
1996-97,Arsenal,38,68,62,32,30,1.79,3
1996-97,Liverpool,38,68,62,37,25,1.79,4
1996-97,Aston Villa,38,61,47,34,13,1.61,5
1996-97,Chelsea,38,59,58,55,3,1.55,6
1996-97,Sheffield Weds,38,57,50,51,-1,1.5,7
1996-97,Wimbledon,38,56,49,46,3,1.47,8
1996-97,Leicester,38,47,46,54,-8,1.24,9
1996-97,Tottenham,38,46,44,51,-7,1.21,10
1996-97,Leeds,38,46,28,38,-10,1.21,11
1996-97,Derby,38,46,45,58,-13,1.21,12
1996-97,Blackburn,38,42,42,43,-1,1.11,13
1996-97,Middlesbrough,38,42,51,60,-9,1.11,14
1996-97,West Ham,38,42,39,48,-9,1.11,15
1996-97,Everton,38,42,44,57,-13,1.11,16
1996-97,Southampton,38,41,50,56,-6,1.08,17
1996-97,Coventry,38,41,38,54,-16,1.08,18
1996-97,Sunderland,38,40,35,53,-18,1.05,19
1996-97,Nott'm Forest,38,34,31,59,-28,0.89,20
1997-98,Arsenal,38,78,68,33,35,2.05,1
1997-98,Man United,38,77,73,26,47,2.03,2
1997-98,Liverpool,38,65,68,42,26,1.71,3
1997-98,Chelsea,38,63,71,43,28,1.66,4
1997-98,Leeds,38,59,57,46,11,1.55,5
1997-98,Blackburn,38,58,57,52,5,1.53,6
1997-98,Aston Villa,38,57,49,48,1,1.5,7
1997-98,West Ham,38,56,56,57,-1,1.47,8
1997-98,Derby,38,55,52,49,3,1.45,9
1997-98,Leicester,38,53,51,41,10,1.39,10
1997-98,Coventry,38,52,46,44,2,1.37,11
1997-98,Southampton,38,48,50,55,-5,1.26,12
1997-98,Newcastle,38,44,35,44,-9,1.16,13
1997-98,Tottenham,38,44,44,56,-12,1.16,14
1997-98,Wimbledon,38,44,34,46,-12,1.16,15
1997-98,Sheffield Weds,38,44,52,67,-15,1.16,16
1997-98,Everton,38,40,41,56,-15,1.05,17
1997-98,Bolton,38,40,41,61,-20,1.05,18
1997-98,Barnsley,38,35,37,82,-45,0.92,19
1997-98,Crystal Palace,38,33,37,71,-34,0.87,20
1998-99,Man United,38,79,80,37,43,2.08,1
1998-99,Arsenal,38,78,59,17,42,2.05,2
1998-99,Chelsea,38,75,57,30,27,1.97,3
1998-99,Leeds,38,67,62,34,28,1.76,4
1998-99,West Ham,38,57,46,53,-7,1.5,5
1998-99,Aston Villa,38,55,51,46,5,1.45,6
1998-99,Liverpool,38,54,68,49,19,1.42,7
1998-99,Derby,38,52,40,45,-5,1.37,8
1998-99,Middlesbrough,38,51,48,54,-6,1.34,9
1998-99,Leicester,38,49,40,46,-6,1.29,10
1998-99,Tottenham,38,47,47,50,-3,1.24,11
1998-99,Sheffield Weds,38,46,41,42,-1,1.21,12
1998-99,Newcastle,38,46,48,54,-6,1.21,13
1998-99,Everton,38,43,42,47,-5,1.13,14
1998-99,Coventry,38,42,39,51,-12,1.11,15
1998-99,Wimbledon,38,42,40,63,-23,1.11,16
1998-99,Southampton,38,41,37,64,-27,1.08,17
1998-99,Charlton,38,36,41,56,-15,0.95,18
1998-99,Blackburn,38,35,38,52,-14,0.92,19
1998-99,Nott'm Forest,38,30,35,69,-34,0.79,20
1999-00,Man United,38,91,97,45,52,2.39,1
1999-00,Arsenal,38,73,73,43,30,1.92,2
1999-00,Leeds,38,69,58,43,15,1.82,3
1999-00,Liverpool,38,67,51,30,21,1.76,4
1999-00,Chelsea,38,65,53,34,19,1.71,5
1999-00,Aston Villa,38,58,46,35,11,1.53,6
1999-00,Sunderland,38,58,57,56,1,1.53,7
1999-00,Leicester,38,55,55,55,0,1.45,8
1999-00,West Ham,38,55,52,53,-1,1.45,9
1999-00,Tottenham,38,53,57,49,8,1.39,10
1999-00,Newcastle,38,52,63,54,9,1.37,11
1999-00,Middlesbrough,38,52,46,52,-6,1.37,12
1999-00,Everton,38,50,59,49,10,1.32,13
1999-00,Coventry,38,44,47,54,-7,1.16,14
1999-00,Southampton,38,44,45,62,-17,1.16,15
1999-00,Derby,38,38,44,57,-13,1.0,16
1999-00,Bradford,38,36,38,68,-30,0.95,17
1999-00,Wimbledon,38,33,46,74,-28,0.87,18
1999-00,Sheffield Weds,38,31,38,70,-32,0.82,19
1999-00,Watford,38,24,35,77,-42,0.63,20
2000-01,Man United,38,80,79,31,48,2.11,1
2000-01,Arsenal,38,70,63,38,25,1.84,2
2000-01,Liverpool,38,69,71,39,32,1.82,3
2000-01,Leeds,38,68,64,43,21,1.79,4
2000-01,Ipswich,38,66,57,42,15,1.74,5
2000-01,Chelsea,38,61,68,45,23,1.61,6
2000-01,Sunderland,38,57,46,41,5,1.5,7
2000-01,Aston Villa,38,54,46,43,3,1.42,8
2000-01,Charlton,38,52,50,57,-7,1.37,9
2000-01,Southampton,38,52,40,48,-8,1.37,10
2000-01,Newcastle,38,51,44,50,-6,1.34,11
2000-01,Tottenham,38,49,47,54,-7,1.29,12
2000-01,Leicester,38,48,39,51,-12,1.26,13
2000-01,Middlesbrough,38,42,44,44,0,1.11,14
2000-01,West Ham,38,42,45,50,-5,1.11,15
2000-01,Everton,38,42,45,59,-14,1.11,16
2000-01,Derby,38,42,37,59,-22,1.11,17
2000-01,Man City,38,34,41,65,-24,0.89,18
2000-01,Coventry,38,34,36,63,-27,0.89,19
2000-01,Bradford,38,26,30,70,-40,0.68,20
2001-02,Arsenal,38,87,79,36,43,2.29,1
2001-02,Liverpool,38,80,67,30,37,2.11,2
2001-02,Man United,38,77,87,45,42,2.03,3
2001-02,Newcastle,38,71,74,52,22,1.87,4
2001-02,Leeds,38,66,53,37,16,1.74,5
2001-02,Chelsea,38,64,66,38,28,1.68,6
2001-02,West Ham,38,53,48,57,-9,1.39,7
2001-02,Aston Villa,38,50,46,47,-1,1.32,8
2001-02,Tottenham,38,50,49,53,-4,1.32,9
2001-02,Blackburn,38,46,55,51,4,1.21,10
2001-02,Southampton,38,45,46,54,-8,1.18,11
2001-02,Middlesbrough,38,45,35,47,-12,1.18,12
2001-02,Fulham,38,44,36,44,-8,1.16,13
2001-02,Charlton,38,44,38,49,-11,1.16,14
2001-02,Everton,38,43,45,57,-12,1.13,15
2001-02,Bolton,38,40,44,62,-18,1.05,16
2001-02,Sunderland,38,40,29,51,-22,1.05,17
2001-02,Ipswich,38,36,41,64,-23,0.95,18
2001-02,Derby,38,30,33,63,-30,0.79,19
2001-02,Leicester,38,28,30,64,-34,0.74,20
2002-03,Man United,38,83,74,34,40,2.18,1
2002-03,Arsenal,38,78,85,42,43,2.05,2
2002-03,Newcastle,38,69,63,48,15,1.82,3
2002-03,Chelsea,38,67,68,38,30,1.76,4
2002-03,Liverpool,38,64,61,41,20,1.68,5
2002-03,Blackburn,38,60,52,43,9,1.58,6
2002-03,Everton,38,59,48,49,-1,1.55,7
2002-03,Southampton,38,52,43,46,-3,1.37,8
2002-03,Man City,38,51,47,54,-7,1.34,9
2002-03,Tottenham,38,50,51,62,-11,1.32,10
2002-03,Middlesbrough,38,49,48,44,4,1.29,11
2002-03,Charlton,38,49,45,56,-11,1.29,12
2002-03,Birmingham,38,48,41,49,-8,1.26,13
2002-03,Fulham,38,48,41,50,-9,1.26,14
2002-03,Leeds,38,47,58,57,1,1.24,15
2002-03,Aston Villa,38,45,42,47,-5,1.18,16
2002-03,Bolton,38,44,41,51,-10,1.16,17
2002-03,West Ham,38,42,42,59,-17,1.11,18
2002-03,West Brom,38,26,29,65,-36,0.68,19
2002-03,Sunderland,38,19,21,65,-44,0.5,20
2003-04,Arsenal,38,90,73,26,47,2.37,1
2003-04,Chelsea,38,79,67,30,37,2.08,2
2003-04,Man United,38,75,64,35,29,1.97,3
2003-04,Liverpool,38,60,55,37,18,1.58,4
2003-04,Newcastle,38,56,52,40,12,1.47,5
2003-04,Aston Villa,38,56,48,44,4,1.47,6
2003-04,Charlton,38,53,51,51,0,1.39,7
2003-04,Bolton,38,53,48,56,-8,1.39,8
2003-04,Fulham,38,52,52,46,6,1.37,9
2003-04,Birmingham,38,50,43,48,-5,1.32,10
2003-04,Middlesbrough,38,48,44,52,-8,1.26,11
2003-04,Southampton,38,47,44,45,-1,1.24,12
2003-04,Portsmouth,38,45,47,54,-7,1.18,13
2003-04,Tottenham,38,45,47,57,-10,1.18,14
2003-04,Blackburn,38,44,51,59,-8,1.16,15
2003-04,Man City,38,41,55,54,1,1.08,16
2003-04,Everton,38,39,45,57,-12,1.03,17
2003-04,Leicester,38,33,48,65,-17,0.87,18
2003-04,Leeds,38,33,40,79,-39,0.87,19
2003-04,Wolves,38,33,38,77,-39,0.87,20
2004-05,Chelsea,38,95,72,15,57,2.5,1
2004-05,Arsenal,38,83,87,36,51,2.18,2
2004-05,Man United,38,77,58,26,32,2.03,3
2004-05,Everton,38,61,45,46,-1,1.61,4
2004-05,Liverpool,38,58,52,41,11,1.53,5
2004-05,Bolton,38,58,49,44,5,1.53,6
2004-05,Middlesbrough,38,55,53,46,7,1.45,7
2004-05,Man City,38,52,47,39,8,1.37,8
2004-05,Tottenham,38,52,47,41,6,1.37,9
2004-05,Aston Villa,38,47,45,52,-7,1.24,10
2004-05,Charlton,38,46,42,58,-16,1.21,11
2004-05,Birmingham,38,45,40,46,-6,1.18,12
2004-05,Fulham,38,44,52,60,-8,1.16,13
2004-05,Newcastle,38,44,47,57,-10,1.16,14
2004-05,Blackburn,38,42,32,43,-11,1.11,15
2004-05,Portsmouth,38,39,43,59,-16,1.03,16
2004-05,West Brom,38,34,36,61,-25,0.89,17
2004-05,Crystal Palace,38,33,41,62,-21,0.87,18
2004-05,Norwich,38,33,42,77,-35,0.87,19
2004-05,Southampton,38,32,45,66,-21,0.84,20
2005-06,Chelsea,38,91,72,22,50,2.39,1
2005-06,Man United,38,83,72,34,38,2.18,2
2005-06,Liverpool,38,82,57,25,32,2.16,3
2005-06,Arsenal,38,67,68,31,37,1.76,4
2005-06,Tottenham,38,65,53,38,15,1.71,5
2005-06,Blackburn,38,63,51,42,9,1.66,6
2005-06,Newcastle,38,58,47,42,5,1.53,7
2005-06,Bolton,38,56,49,41,8,1.47,8
2005-06,West Ham,38,55,52,55,-3,1.45,9
2005-06,Wigan,38,51,45,52,-7,1.34,10
2005-06,Everton,38,50,34,49,-15,1.32,11
2005-06,Fulham,38,48,48,58,-10,1.26,12
2005-06,Charlton,38,47,41,55,-14,1.24,13
2005-06,Middlesbrough,38,45,48,58,-10,1.18,14
2005-06,Man City,38,43,43,48,-5,1.13,15
2005-06,Aston Villa,38,42,42,55,-13,1.11,16
2005-06,Portsmouth,38,38,37,62,-25,1.0,17
2005-06,Birmingham,38,34,28,50,-22,0.89,18
2005-06,West Brom,38,30,31,58,-27,0.79,19
2005-06,Sunderland,38,15,26,69,-43,0.39,20
2006-07,Man United,38,89,83,27,56,2.34,1
2006-07,Chelsea,38,83,64,24,40,2.18,2
2006-07,Liverpool,38,68,57,27,30,1.79,3
2006-07,Arsenal,38,68,63,35,28,1.79,4
2006-07,Tottenham,38,60,57,54,3,1.58,5
2006-07,Everton,38,58,52,36,16,1.53,6
2006-07,Bolton,38,56,47,52,-5,1.47,7
2006-07,Reading,38,55,52,47,5,1.45,8
2006-07,Portsmouth,38,54,45,42,3,1.42,9
2006-07,Blackburn,38,52,52,54,-2,1.37,10
2006-07,Aston Villa,38,50,43,41,2,1.32,11
2006-07,Middlesbrough,38,46,44,49,-5,1.21,12
2006-07,Newcastle,38,43,38,47,-9,1.13,13
2006-07,Man City,38,42,29,44,-15,1.11,14
2006-07,West Ham,38,41,35,59,-24,1.08,15
2006-07,Fulham,38,39,38,60,-22,1.03,16
2006-07,Wigan,38,38,37,59,-22,1.0,17
2006-07,Sheffield United,38,38,32,55,-23,1.0,18
2006-07,Charlton,38,34,34,60,-26,0.89,19
2006-07,Watford,38,28,29,59,-30,0.74,20
2007-08,Man United,38,87,80,22,58,2.29,1
2007-08,Chelsea,38,85,65,26,39,2.24,2
2007-08,Arsenal,38,83,74,31,43,2.18,3
2007-08,Liverpool,38,76,67,28,39,2.0,4
2007-08,Everton,38,65,55,33,22,1.71,5
2007-08,Aston Villa,38,60,71,51,20,1.58,6
2007-08,Blackburn,38,58,50,48,2,1.53,7
2007-08,Portsmouth,38,57,48,40,8,1.5,8
2007-08,Man City,38,55,45,53,-8,1.45,9
2007-08,West Ham,38,49,42,50,-8,1.29,10
2007-08,Tottenham,38,46,66,61,5,1.21,11
2007-08,Newcastle,38,43,45,65,-20,1.13,12
2007-08,Middlesbrough,38,42,43,53,-10,1.11,13
2007-08,Wigan,38,40,34,51,-17,1.05,14
2007-08,Sunderland,38,39,36,59,-23,1.03,15
2007-08,Bolton,38,37,36,54,-18,0.97,16
2007-08,Fulham,38,36,38,60,-22,0.95,17
2007-08,Reading,38,36,41,66,-25,0.95,18
2007-08,Birmingham,38,35,46,62,-16,0.92,19
2007-08,Derby,38,11,20,89,-69,0.29,20
2008-09,Man United,38,90,68,24,44,2.37,1
2008-09,Liverpool,38,86,77,27,50,2.26,2
2008-09,Chelsea,38,83,68,24,44,2.18,3
2008-09,Arsenal,38,72,68,37,31,1.89,4
2008-09,Everton,38,63,55,37,18,1.66,5
2008-09,Aston Villa,38,62,54,48,6,1.63,6
2008-09,Fulham,38,53,39,34,5,1.39,7
2008-09,Tottenham,38,51,45,45,0,1.34,8
2008-09,West Ham,38,51,42,45,-3,1.34,9
2008-09,Man City,38,50,58,50,8,1.32,10
2008-09,Wigan,38,45,34,45,-11,1.18,11
2008-09,Stoke,38,45,38,55,-17,1.18,12
2008-09,Bolton,38,41,41,53,-12,1.08,13
2008-09,Portsmouth,38,41,38,57,-19,1.08,14
2008-09,Blackburn,38,41,40,60,-20,1.08,15
2008-09,Sunderland,38,36,34,54,-20,0.95,16
2008-09,Hull,38,35,39,64,-25,0.92,17
2008-09,Newcastle,38,34,40,59,-19,0.89,18
2008-09,Middlesbrough,38,32,28,57,-29,0.84,19
2008-09,West Brom,38,32,36,67,-31,0.84,20
2009-10,Chelsea,38,86,103,32,71,2.26,1
2009-10,Man United,38,85,86,28,58,2.24,2
2009-10,Arsenal,38,75,83,41,42,1.97,3
2009-10,Tottenham,38,70,67,41,26,1.84,4
2009-10,Man City,38,67,73,45,28,1.76,5
2009-10,Aston Villa,38,64,52,39,13,1.68,6
2009-10,Liverpool,38,63,61,35,26,1.66,7
2009-10,Everton,38,61,60,49,11,1.61,8
2009-10,Birmingham,38,50,38,47,-9,1.32,9
2009-10,Blackburn,38,50,41,55,-14,1.32,10
2009-10,Stoke,38,47,34,48,-14,1.24,11
2009-10,Fulham,38,46,39,46,-7,1.21,12
2009-10,Sunderland,38,44,48,56,-8,1.16,13
2009-10,Bolton,38,39,42,67,-25,1.03,14
2009-10,Wolves,38,38,32,56,-24,1.0,15
2009-10,Wigan,38,36,37,79,-42,0.95,16
2009-10,West Ham,38,35,47,66,-19,0.92,17
2009-10,Burnley,38,30,42,82,-40,0.79,18
2009-10,Hull,38,30,34,75,-41,0.79,19
2009-10,Portsmouth,38,28,34,66,-32,0.74,20
2010-11,Man United,38,80,78,37,41,2.11,1
2010-11,Chelsea,38,71,69,33,36,1.87,2
2010-11,Man City,38,71,60,33,27,1.87,3
2010-11,Arsenal,38,68,72,43,29,1.79,4
2010-11,Tottenham,38,62,55,46,9,1.63,5
2010-11,Liverpool,38,58,59,44,15,1.53,6
2010-11,Everton,38,54,51,45,6,1.42,7
2010-11,Fulham,38,49,49,43,6,1.29,8
2010-11,Aston Villa,38,48,48,59,-11,1.26,9
2010-11,Sunderland,38,47,45,56,-11,1.24,10
2010-11,West Brom,38,47,56,71,-15,1.24,11
2010-11,Newcastle,38,46,56,57,-1,1.21,12
2010-11,Stoke,38,46,46,48,-2,1.21,13
2010-11,Bolton,38,46,52,56,-4,1.21,14
2010-11,Blackburn,38,43,46,59,-13,1.13,15
2010-11,Wigan,38,42,40,61,-21,1.11,16
2010-11,Wolves,38,40,46,66,-20,1.05,17
2010-11,Birmingham,38,39,37,58,-21,1.03,18
2010-11,Blackpool,38,39,55,78,-23,1.03,19
2010-11,West Ham,38,33,43,70,-27,0.87,20
2011-12,Man City,38,89,93,29,64,2.34,1
2011-12,Man United,38,89,89,33,56,2.34,2
2011-12,Arsenal,38,70,74,49,25,1.84,3
2011-12,Tottenham,38,69,66,41,25,1.82,4
2011-12,Newcastle,38,65,56,51,5,1.71,5
2011-12,Chelsea,38,64,65,46,19,1.68,6
2011-12,Everton,38,56,50,40,10,1.47,7
2011-12,Liverpool,38,52,47,40,7,1.37,8
2011-12,Fulham,38,52,48,51,-3,1.37,9
2011-12,West Brom,38,47,45,52,-7,1.24,10
2011-12,Swansea,38,47,44,51,-7,1.24,11
2011-12,Norwich,38,47,52,66,-14,1.24,12
2011-12,Sunderland,38,45,45,46,-1,1.18,13
2011-12,Stoke,38,45,36,53,-17,1.18,14
2011-12,Wigan,38,43,42,62,-20,1.13,15
2011-12,Aston Villa,38,38,37,53,-16,1.0,16
2011-12,QPR,38,37,43,66,-23,0.97,17
2011-12,Bolton,38,36,46,77,-31,0.95,18
2011-12,Blackburn,38,31,48,78,-30,0.82,19
2011-12,Wolves,38,25,40,82,-42,0.66,20
2012-13,Man United,38,89,86,43,43,2.34,1
2012-13,Man City,38,78,66,34,32,2.05,2
2012-13,Chelsea,38,75,75,39,36,1.97,3
2012-13,Arsenal,38,73,72,37,35,1.92,4
2012-13,Tottenham,38,72,66,46,20,1.89,5
2012-13,Everton,38,63,55,40,15,1.66,6
2012-13,Liverpool,38,61,71,43,28,1.61,7
2012-13,West Brom,38,49,53,57,-4,1.29,8
2012-13,Swansea,38,46,47,51,-4,1.21,9
2012-13,West Ham,38,46,45,53,-8,1.21,10
2012-13,Norwich,38,44,41,58,-17,1.16,11
2012-13,Fulham,38,43,50,60,-10,1.13,12
2012-13,Stoke,38,42,34,45,-11,1.11,13
2012-13,Southampton,38,41,49,60,-11,1.08,14
2012-13,Aston Villa,38,41,47,69,-22,1.08,15
2012-13,Newcastle,38,41,45,68,-23,1.08,16
2012-13,Sunderland,38,39,41,54,-13,1.03,17
2012-13,Wigan,38,36,47,73,-26,0.95,18
2012-13,Reading,38,28,43,73,-30,0.74,19
2012-13,QPR,38,25,30,60,-30,0.66,20
2013-14,Man City,38,86,102,37,65,2.26,1
2013-14,Liverpool,38,84,101,50,51,2.21,2
2013-14,Chelsea,38,82,71,27,44,2.16,3
2013-14,Arsenal,38,79,68,41,27,2.08,4
2013-14,Everton,38,72,61,39,22,1.89,5
2013-14,Tottenham,38,69,55,51,4,1.82,6
2013-14,Man United,38,64,64,43,21,1.68,7
2013-14,Southampton,38,56,54,46,8,1.47,8
2013-14,Stoke,38,50,45,52,-7,1.32,9
2013-14,Newcastle,38,49,43,59,-16,1.29,10
2013-14,Crystal Palace,38,45,33,48,-15,1.18,11
2013-14,Swansea,38,42,54,54,0,1.11,12
2013-14,West Ham,38,40,40,51,-11,1.05,13
2013-14,Sunderland,38,38,41,60,-19,1.0,14
2013-14,Aston Villa,38,38,39,61,-22,1.0,15
2013-14,Hull,38,37,38,53,-15,0.97,16
2013-14,West Brom,38,36,43,59,-16,0.95,17
2013-14,Norwich,38,33,28,62,-34,0.87,18
2013-14,Fulham,38,32,40,85,-45,0.84,19
2013-14,Cardiff,38,30,32,74,-42,0.79,20
2014-15,Chelsea,38,87,73,32,41,2.29,1
2014-15,Man City,38,79,83,38,45,2.08,2
2014-15,Arsenal,38,75,71,36,35,1.97,3
2014-15,Man United,38,70,62,37,25,1.84,4
2014-15,Tottenham,38,64,58,53,5,1.68,5
2014-15,Liverpool,38,62,52,48,4,1.63,6
2014-15,Southampton,38,60,54,33,21,1.58,7
2014-15,Swansea,38,56,46,49,-3,1.47,8
2014-15,Stoke,38,54,48,45,3,1.42,9
2014-15,Crystal Palace,38,48,47,51,-4,1.26,10
2014-15,Everton,38,47,48,50,-2,1.24,11
2014-15,West Ham,38,47,44,47,-3,1.24,12
2014-15,West Brom,38,44,38,51,-13,1.16,13
2014-15,Leicester,38,41,46,55,-9,1.08,14
2014-15,Newcastle,38,39,40,63,-23,1.03,15
2014-15,Sunderland,38,38,31,53,-22,1.0,16
2014-15,Aston Villa,38,38,31,57,-26,1.0,17
2014-15,Hull,38,35,33,51,-18,0.92,18
2014-15,Burnley,38,33,28,53,-25,0.87,19
2014-15,QPR,38,30,42,73,-31,0.79,20
2015-16,Leicester,38,81,68,36,32,2.13,1
2015-16,Arsenal,38,71,65,36,29,1.87,2
2015-16,Tottenham,38,70,69,35,34,1.84,3
2015-16,Man City,38,66,71,41,30,1.74,4
2015-16,Man United,38,66,49,35,14,1.74,5
2015-16,Southampton,38,63,59,41,18,1.66,6
2015-16,West Ham,38,62,65,51,14,1.63,7
2015-16,Liverpool,38,60,63,50,13,1.58,8
2015-16,Stoke,38,51,41,55,-14,1.34,9
2015-16,Chelsea,38,50,59,53,6,1.32,10
2015-16,Everton,38,47,59,55,4,1.24,11
2015-16,Swansea,38,47,42,52,-10,1.24,12
2015-16,Watford,38,45,40,50,-10,1.18,13
2015-16,West Brom,38,43,34,48,-14,1.13,14
2015-16,Crystal Palace,38,42,39,51,-12,1.11,15
2015-16,Bournemouth,38,42,45,67,-22,1.11,16
2015-16,Sunderland,38,39,48,62,-14,1.03,17
2015-16,Newcastle,38,37,44,65,-21,0.97,18
2015-16,Norwich,38,34,39,67,-28,0.89,19
2015-16,Aston Villa,38,17,27,76,-49,0.45,20
2016-17,Chelsea,38,93,85,33,52,2.45,1
2016-17,Tottenham,38,86,86,26,60,2.26,2
2016-17,Man City,38,78,80,39,41,2.05,3
2016-17,Liverpool,38,76,78,42,36,2.0,4
2016-17,Arsenal,38,75,77,44,33,1.97,5
2016-17,Man United,38,69,54,29,25,1.82,6
2016-17,Everton,38,61,62,44,18,1.61,7
2016-17,Southampton,38,46,41,48,-7,1.21,8
2016-17,Bournemouth,38,46,55,67,-12,1.21,9
2016-17,West Brom,38,45,43,51,-8,1.18,10
2016-17,West Ham,38,45,47,64,-17,1.18,11
2016-17,Leicester,38,44,48,63,-15,1.16,12
2016-17,Stoke,38,44,41,56,-15,1.16,13
2016-17,Crystal Palace,38,41,50,63,-13,1.08,14
2016-17,Swansea,38,41,45,70,-25,1.08,15
2016-17,Burnley,38,40,39,55,-16,1.05,16
2016-17,Watford,38,40,40,68,-28,1.05,17
2016-17,Hull,38,34,37,80,-43,0.89,18
2016-17,Middlesbrough,38,28,27,53,-26,0.74,19
2016-17,Sunderland,38,24,29,69,-40,0.63,20
2017-18,Man City,38,100,106,27,79,2.63,1
2017-18,Man United,38,81,68,28,40,2.13,2
2017-18,Tottenham,38,77,74,36,38,2.03,3
2017-18,Liverpool,38,75,84,38,46,1.97,4
2017-18,Chelsea,38,70,62,38,24,1.84,5
2017-18,Arsenal,38,63,74,51,23,1.66,6
2017-18,Burnley,38,54,36,39,-3,1.42,7
2017-18,Everton,38,49,44,58,-14,1.29,8
2017-18,Leicester,38,47,56,60,-4,1.24,9
2017-18,Newcastle,38,44,39,47,-8,1.16,10
2017-18,Crystal Palace,38,44,45,55,-10,1.16,11
2017-18,Bournemouth,38,44,45,61,-16,1.16,12
2017-18,West Ham,38,42,48,68,-20,1.11,13
2017-18,Watford,38,41,44,64,-20,1.08,14
2017-18,Brighton,38,40,34,54,-20,1.05,15
2017-18,Huddersfield,38,37,28,58,-30,0.97,16
2017-18,Southampton,38,36,37,56,-19,0.95,17
2017-18,Swansea,38,33,28,56,-28,0.87,18
2017-18,Stoke,38,33,35,68,-33,0.87,19
2017-18,West Brom,38,31,31,56,-25,0.82,20
2018-19,Man City,38,98,95,23,72,2.58,1
2018-19,Liverpool,38,97,89,22,67,2.55,2
2018-19,Chelsea,38,72,63,39,24,1.89,3
2018-19,Tottenham,38,71,67,39,28,1.87,4
2018-19,Arsenal,38,70,73,51,22,1.84,5
2018-19,Man United,38,66,65,54,11,1.74,6
2018-19,Wolves,38,57,47,46,1,1.5,7
2018-19,Everton,38,54,54,46,8,1.42,8
2018-19,Leicester,38,52,51,48,3,1.37,9
2018-19,West Ham,38,52,52,55,-3,1.37,10
2018-19,Watford,38,50,52,59,-7,1.32,11
2018-19,Crystal Palace,38,49,51,53,-2,1.29,12
2018-19,Newcastle,38,45,42,48,-6,1.18,13
2018-19,Bournemouth,38,45,56,70,-14,1.18,14
2018-19,Burnley,38,40,45,68,-23,1.05,15
2018-19,Southampton,38,39,45,65,-20,1.03,16
2018-19,Brighton,38,36,35,60,-25,0.95,17
2018-19,Cardiff,38,34,34,69,-35,0.89,18
2018-19,Fulham,38,26,34,81,-47,0.68,19
2018-19,Huddersfield,38,16,22,76,-54,0.42,20
2019-20,Liverpool,38,99,85,33,52,2.61,1
2019-20,Man City,38,81,102,35,67,2.13,2
2019-20,Man United,38,66,66,36,30,1.74,3
2019-20,Chelsea,38,66,69,54,15,1.74,4
2019-20,Leicester,38,62,67,41,26,1.63,5
2019-20,Tottenham,38,59,61,47,14,1.55,6
2019-20,Wolves,38,59,51,40,11,1.55,7
2019-20,Arsenal,38,56,56,48,8,1.47,8
2019-20,Sheffield United,38,54,39,39,0,1.42,9
2019-20,Burnley,38,54,43,50,-7,1.42,10
2019-20,Southampton,38,52,51,60,-9,1.37,11
2019-20,Everton,38,49,44,56,-12,1.29,12
2019-20,Newcastle,38,44,38,58,-20,1.16,13
2019-20,Crystal Palace,38,43,31,50,-19,1.13,14
2019-20,Brighton,38,41,39,54,-15,1.08,15
2019-20,West Ham,38,39,49,62,-13,1.03,16
2019-20,Aston Villa,38,35,41,67,-26,0.92,17
2019-20,Bournemouth,38,34,40,65,-25,0.89,18
2019-20,Watford,38,34,36,64,-28,0.89,19
2019-20,Norwich,38,21,26,75,-49,0.55,20
2020-21,Man City,38,86,83,32,51,2.26,1
2020-21,Man United,38,74,73,44,29,1.95,2
2020-21,Liverpool,38,69,68,42,26,1.82,3
2020-21,Chelsea,38,67,58,36,22,1.76,4
2020-21,Leicester,38,66,68,50,18,1.74,5
2020-21,West Ham,38,65,62,47,15,1.71,6
2020-21,Tottenham,38,62,68,45,23,1.63,7
2020-21,Arsenal,38,61,55,39,16,1.61,8
2020-21,Leeds,38,59,62,54,8,1.55,9
2020-21,Everton,38,59,47,48,-1,1.55,10
2020-21,Aston Villa,38,55,55,46,9,1.45,11
2020-21,Newcastle,38,45,46,62,-16,1.18,12
2020-21,Wolves,38,45,36,52,-16,1.18,13
2020-21,Crystal Palace,38,44,41,66,-25,1.16,14
2020-21,Southampton,38,43,47,68,-21,1.13,15
2020-21,Brighton,38,41,40,46,-6,1.08,16
2020-21,Burnley,38,39,33,55,-22,1.03,17
2020-21,Fulham,38,28,27,53,-26,0.74,18
2020-21,West Brom,38,26,35,76,-41,0.68,19
2020-21,Sheffield United,38,23,20,63,-43,0.61,20
